id,feld,englisch,vorschlag_deutsch,hinweis
FracturedQuartz,name,Fractured Quartz,Gesplitterter Quarz,"Keine offizielle deutsche Lokalisierung gefunden (New Age Promo Pack wurde nie auf Deutsch veröffentlicht)"
FracturedQuartz,effect,"Gain 2 AE. You may destroy two cards in this card's supply pile. If you do, gain an additional 1 AE.","Erhalte 2 Ä. Du darfst zwei Karten aus dem Vorrat dieser Karte zerstören. Wenn du das tust, erhalte zusätzlich 1 Ä.","Eigene Übersetzung, nicht offiziell bestätigt"
RockLauncher,name,Rock Launcher,Felsschleuder,"Keine offizielle deutsche Lokalisierung gefunden (New Age Promo Pack)"
RockLauncher,effect,"Discard or destroy a card in hand. If you do, deal damage equal to its cost.","Wirf eine Karte aus der Hand ab oder zerstöre sie. Wenn du das tust, füge Schaden in Höhe ihrer Kosten zu.","Eigene Übersetzung, nicht offiziell bestätigt"
AbacusOfIgnition,name,Abacus of Ignition,Abakus der Entzündung,"Keine offizielle deutsche Lokalisierung gefunden (New Age Promo Pack)"
AbacusOfIgnition,effect,"You may cast any ally's prepped spell. Any ally draws a card.","Du darfst den vorbereiteten Zauber eines Verbündeten wirken. Ein Verbündeter zieht eine Karte.","Eigene Übersetzung, nicht offiziell bestätigt; Tippfehler 'casdt' im Original korrigiert zu 'cast'"
IlluminatingFlame,name,Illuminating Flame,Erleuchtende Flamme,"Keine offizielle deutsche Lokalisierung gefunden (New Age Promo Pack)"
IlluminatingFlame,effect,"Cast: Deal 5 damage. If this was cast from an opened III or IV breach, you may destroy this. If you do, gain 3 charges.","Wirken: Füge 5 Schaden zu. Wenn dies von einem geöffneten Riss III oder IV gewirkt wurde, darfst du diese Karte zerstören. Wenn du das tust, erhalte 3 Ladungen.","Eigene Übersetzung, nicht offiziell bestätigt"
ChronalArc,name,Chronal Arc,Zeitbogen,"Keine offizielle deutsche Lokalisierung gefunden (New Age Promo Pack)"
ChronalArc,effect,"This spell must be prepped to two adjacent breaches so that this card touches both breaches. This fully occupies both breaches. Cast: Deal 4 damage. You may place this card into your hand.","Dieser Zauber muss auf zwei benachbarte Risse vorbereitet werden, sodass diese Karte beide Risse berührt. Dies belegt beide Risse vollständig. Wirken: Füge 4 Schaden zu. Du darfst diese Karte auf deine Hand nehmen.","Eigene Übersetzung, nicht offiziell bestätigt"
CoruscatingSapal,name,Coruscating Sapal,Schimmernder Sapal,"Keine offizielle deutsche Lokalisierung gefunden (New Age Promo Pack); 'Sapal' ist unklar/evtl. Eigenname ohne Übersetzung"
CoruscatingSapal,effect,"Gain 2 AE. You may lose 1 charge. If you do, gain an additional 2 AE.","Erhalte 2 Ä. Du darfst 1 Ladung verlieren. Wenn du das tust, erhalte zusätzlich 2 Ä.","Eigene Übersetzung, nicht offiziell bestätigt"
HummingShell,name,Humming Shell,Summende Schale,"Keine offizielle deutsche Lokalisierung gefunden (New Age Promo Pack)"
HummingShell,effect,"Destroy up to two cards in hand or discard pile. OR Gain 2 charges.","Zerstöre bis zu zwei Karten auf der Hand oder im Ablagestapel. ODER Erhalte 2 Ladungen.","Eigene Übersetzung, nicht offiziell bestätigt"
ForceCatalyst,name,Force Catalyst,Kraftkatalysator,"Keine offizielle deutsche Lokalisierung gefunden (New Age Promo Pack)"
ForceCatalyst,effect,"While prepped, during your main phase you may spend 3 AE to cast any player's prepped spell. Cast: Deal 3 damage.","Während sie vorbereitet ist, darfst du in deiner Hauptphase 3 Ä ausgeben, um den vorbereiteten Zauber eines beliebigen Spielers zu wirken. Wirken: Füge 3 Schaden zu.","Eigene Übersetzung, nicht offiziell bestätigt"
Reeve,abilityName,Quelling Blade,Bezwingende Klinge,"Reeve stammt aus 'Aus den Tiefen' (Depths), einer offiziell auf Deutsch lokalisierten Erweiterung — für diese spezifische Signaturkarte konnte jedoch keine offizielle deutsche Bezeichnung im Kartentext/Regelwerk bestätigt werden"
